nom;date_debut;date_fin;lieu;nb_min;nb_max
Glisses vosgiennes;15/02/2014;01/03/2014;Cornimont;5;25
Tout Schuss;12/04/2014;26/04/2014;Les Gets;5;25
Roues Libres;05/07/2014;12/07/2014;Clinchamps;5;25
A la Vend'tagne;12/07/2014;26/07/2014;Chéméré;5;25
Brises et Houles;26/07/2014;09/08/2014;Bacilly;5;25
Du Vert et du Bleu;09/08/2014;23/08/2014;Sainte Marguerite sur Mer;5;25
Du Vert et du Bleu;18/10/2014;01/11/2014;Sainte Marguerite sur Mer;5;25
Multi-activité;15/02/2014;01/03/2014;Bonneuil-en-Valois;5;25
Multi-activité;12/04/2014;26/04/2014;Bonneuil-en-Valois;5;25
Multi-activité;05/07/2014;26/07/2014;Bonneuil-en-Valois;5;25
Multi-activité;26/07/2014;23/08/2014;Bonneuil-en-Valois;5;25
Multi-activité;18/10/2014;01/11/2014;Bonneuil-en-Valois;5;25
Séjours courts;10/01/2014;12/01/2014;Bonneuil-en-Valois;5;25
Séjours courts;24/01/2014;26/01/2014;Bonneuil-en-Valois;5;25
Séjours courts;31/01/2014;02/02/2014;Bonneuil-en-Valois;5;25
Séjours courts;21/03/2014;23/03/2014;Bonneuil-en-Valois;5;25
Séjours courts;28/03/2014;30/03/2014;Bonneuil-en-Valois;5;25
Séjours courts;04/04/2014;06/04/2014;Bonneuil-en-Valois;5;25
Séjours courts;16/05/2014;18/05/2014;Bonneuil-en-Valois;5;25
Séjours courts;23/05/2014;25/05/2014;Bonneuil-en-Valois;5;25
Séjours courts;30/05/2014;01/06/2014;Bonneuil-en-Valois;5;25
Séjours courts;13/06/2014;15/06/2014;Bonneuil-en-Valois;5;25
Séjours courts;20/06/2014;22/06/2014;Bonneuil-en-Valois;5;25
Séjours courts;12/09/2014;14/09/2014;Bonneuil-en-Valois;5;25
Séjours courts;26/09/2014;28/09/2014;Bonneuil-en-Valois;5;25
Séjours courts;03/10/2014;05/10/2014;Bonneuil-en-Valois;5;25
Séjours courts;14/11/2014;16/11/2014;Bonneuil-en-Valois;5;25
Séjours courts;21/11/2014;23/11/2014;Bonneuil-en-Valois;5;25
Séjours courts;12/12/2014;14/12/2014;Bonneuil-en-Valois;5;25
Séjours courts;19/12/2014;21/12/2014;Bonneuil-en-Valois;5;25